<?xml version="1.0" encoding="UTF-8"?>
<project-private xmlns="http://www.netbeans.org/ns/project-private/1">
    <editor-bookmarks xmlns="http://www.netbeans.org/ns/editor-bookmarks/2" lastBookmarkId="0"/>
    <open-files xmlns="http://www.netbeans.org/ns/projectui-open-files/2">
        <group>
            <file>file:/C:/Users/Joel/Desktop/prg/JocDeRolJoelFusterBosch/src/jocderoljoelfusterbosch/personatges/Alien.java</file>
            <file>file:/C:/Users/Joel/Desktop/prg/JocDeRolJoelFusterBosch/src/jocderoljoelfusterbosch/inici/Poders.java</file>
            <file>file:/C:/Users/Joel/Desktop/prg/JocDeRolJoelFusterBosch/src/altres/Equip.java</file>
            <file>file:/C:/Users/Joel/Desktop/prg/JocDeRolJoelFusterBosch/src/jocderoljoelfusterbosch/inici/Equips.java</file>
            <file>file:/C:/Users/Joel/Desktop/prg/JocDeRolJoelFusterBosch/src/jocderoljoelfusterbosch/personatges/Jugador.java</file>
            <file>file:/C:/Users/Joel/Desktop/prg/JocDeRolJoelFusterBosch/src/jocderoljoelfusterbosch/inici/JocDeRolJoelFusterBosch.java</file>
            <file>file:/C:/Users/Joel/Desktop/prg/JocDeRolJoelFusterBosch/src/altres/Poder.java</file>
            <file>file:/C:/Users/Joel/Desktop/prg/JocDeRolJoelFusterBosch/src/jocderoljoelfusterbosch/inici/Jugadors.java</file>
            <file>file:/C:/Users/Joel/Desktop/prg/JocDeRolJoelFusterBosch/src/jocderoljoelfusterbosch/personatges/Guerrer.java</file>
        </group>
    </open-files>
</project-private>
